test_acc,step,epoch
0.9266666769981384,0,0
0.9210526347160339,0,0
